{
  "n_seeds": 8,
  "seeds": [
    42,
    123,
    159,
    271,
    314,
    456,
    789,
    2024
  ],
  "per_model": {
    "qd_57": {
      "strategy_coverage": {
        "mean": 0.8888888888888888,
        "std": 0.059391387091649844,
        "values": [
          0.9444444444444444,
          0.9444444444444444,
          0.9444444444444444,
          0.7777777777777778,
          0.8888888888888888,
          0.8888888888888888,
          0.8333333333333334,
          0.8888888888888888
        ]
      },
      "avg_empathy": {
        "mean": 0.28300000000000003,
        "std": 0.042101917160284136,
        "values": [
          0.32,
          0.264,
          0.20800000000000002,
          0.32799999999999996,
          0.24,
          0.296,
          0.31200000000000006,
          0.296
        ]
      },
      "self_bleu": {
        "mean": 0.5371240960966338,
        "std": 0.016887190252658096,
        "values": [
          0.5672967692398643,
          0.5458420465487085,
          0.5327180605331349,
          0.533979361198007,
          0.5203953312848906,
          0.5512825242046352,
          0.5293116203749259,
          0.516167055388904
        ]
      },
      "vocab_diversity": {
        "mean": 0.5614349531286069,
        "std": 0.026209678466048488,
        "values": [
          0.5636823277988262,
          0.5269785661898847,
          0.5409781072852146,
          0.5766444215942431,
          0.5349174549008104,
          0.6071650143484382,
          0.5688698374868909,
          0.5722438954245473
        ]
      },
      "avg_length": {
        "mean": 315.195,
        "std": 35.335294779340074,
        "values": [
          307.64,
          361.48,
          342.72,
          271.96,
          358.2,
          275.88,
          310.84,
          292.84
        ]
      }
    },
    "greedy_57": {
      "strategy_coverage": {
        "mean": 0.875,
        "std": 0.025717224993681946,
        "values": [
          0.8888888888888888,
          0.8888888888888888,
          0.8888888888888888,
          0.8333333333333334,
          0.8888888888888888,
          0.8888888888888888,
          0.8333333333333334,
          0.8888888888888888
        ]
      },
      "avg_empathy": {
        "mean": 0.31100000000000005,
        "std": 0.04199319672790546,
        "values": [
          0.32799999999999996,
          0.376,
          0.30400000000000005,
          0.28800000000000003,
          0.28,
          0.272,
          0.368,
          0.272
        ]
      },
      "self_bleu": {
        "mean": 0.5544440737670875,
        "std": 0.023378000149739748,
        "values": [
          0.5707076348844233,
          0.5482914174901743,
          0.5618909657291946,
          0.5292008174341502,
          0.5369789493972275,
          0.6007320230622544,
          0.5528107287862108,
          0.5349400533530648
        ]
      },
      "vocab_diversity": {
        "mean": 0.5491805669664658,
        "std": 0.013637845990820893,
        "values": [
          0.5527237884049732,
          0.5581891820061362,
          0.5365382972914032,
          0.5348150635595601,
          0.5544502214979777,
          0.5743339528283591,
          0.5463977548366529,
          0.5359962753066634
        ]
      },
      "avg_length": {
        "mean": 332.93,
        "std": 12.452859683049278,
        "values": [
          326.24,
          312.04,
          340.8,
          340.88,
          329.08,
          326.8,
          334.04,
          353.56
        ]
      }
    },
    "random_57": {
      "strategy_coverage": {
        "mean": 0.875,
        "std": 0.025717224993681946,
        "values": [
          0.8888888888888888,
          0.8333333333333334,
          0.8333333333333334,
          0.8888888888888888,
          0.8888888888888888,
          0.8888888888888888,
          0.8888888888888888,
          0.8888888888888888
        ]
      },
      "avg_empathy": {
        "mean": 0.29200000000000004,
        "std": 0.024564783154519647,
        "values": [
          0.29600000000000004,
          0.28800000000000003,
          0.272,
          0.31200000000000006,
          0.248,
          0.304,
          0.28800000000000003,
          0.32800000000000007
        ]
      },
      "self_bleu": {
        "mean": 0.5571449106417495,
        "std": 0.013399573737572463,
        "values": [
          0.5628213848096194,
          0.5529730699092158,
          0.5839129642683869,
          0.555083764776853,
          0.5464821292090847,
          0.5522529232538885,
          0.5397329290468313,
          0.5639001198601167
        ]
      },
      "vocab_diversity": {
        "mean": 0.5446787662703743,
        "std": 0.011999269694967556,
        "values": [
          0.5364453288680178,
          0.5311842572529748,
          0.5453550021616348,
          0.5320850624024961,
          0.5674620567413112,
          0.5439992238319572,
          0.5529776660535177,
          0.5479215328510851
        ]
      },
      "avg_length": {
        "mean": 340.95000000000005,
        "std": 15.241323527080667,
        "values": [
          361.84,
          353.32,
          326.6,
          359.6,
          328.24,
          332.8,
          325.0,
          340.2
        ]
      }
    },
    "full": {
      "strategy_coverage": {
        "mean": 0.9375,
        "std": 0.019641855032959663,
        "values": [
          0.9444444444444444,
          0.9444444444444444,
          0.9444444444444444,
          0.9444444444444444,
          0.9444444444444444,
          0.9444444444444444,
          0.8888888888888888,
          0.9444444444444444
        ]
      },
      "avg_empathy": {
        "mean": 0.30900000000000005,
        "std": 0.04144531681281114,
        "values": [
          0.32,
          0.368,
          0.28,
          0.28800000000000003,
          0.248,
          0.28,
          0.336,
          0.35200000000000004
        ]
      },
      "self_bleu": {
        "mean": 0.5169457326327624,
        "std": 0.015420634954498786,
        "values": [
          0.5186905993518541,
          0.5245254783658829,
          0.5312044379603236,
          0.5285100751561957,
          0.4915398653187393,
          0.4938735336609409,
          0.5240557697120618,
          0.5231661015361011
        ]
      },
      "vocab_diversity": {
        "mean": 0.5982253605403492,
        "std": 0.015284173126401393,
        "values": [
          0.6065186168728354,
          0.5985269392879328,
          0.5839584404144631,
          0.5937222560755888,
          0.6089792780870203,
          0.6253472665072551,
          0.5770387454565045,
          0.591711341621194
        ]
      },
      "avg_length": {
        "mean": 313.135,
        "std": 12.451651640301717,
        "values": [
          301.36,
          321.88,
          336.92,
          313.76,
          308.84,
          297.16,
          316.44,
          308.72
        ]
      }
    }
  },
  "wilcoxon": {
    "strategy_coverage": {
      "greedy_57": {
        "W": 2.5,
        "p": 0.31731050786291415
      },
      "random_57": {
        "W": 5.0,
        "p": 0.4922069926558157
      },
      "full": {
        "W": 0.0,
        "p": 0.039359508888249725
      }
    },
    "avg_empathy": {
      "greedy_57": {
        "W": 9.0,
        "p": 0.25
      },
      "random_57": {
        "W": 12.5,
        "p": 0.4609375
      },
      "full": {
        "W": 6.0,
        "p": 0.17629637444051116
      }
    },
    "self_bleu": {
      "greedy_57": {
        "W": 3.0,
        "p": 0.0390625
      },
      "random_57": {
        "W": 2.0,
        "p": 0.0234375
      },
      "full": {
        "W": 4.0,
        "p": 0.0546875
      }
    },
    "vocab_diversity": {
      "greedy_57": {
        "W": 8.0,
        "p": 0.1953125
      },
      "random_57": {
        "W": 9.0,
        "p": 0.25
      },
      "full": {
        "W": 0.0,