{
  "strategy_coverage": 0.6111111111111112,
  "n_strategies": 11,
  "avg_empathy": 0.17600000000000005,
  "self_bleu": 0.4364260476797527,
  "vocab_diversity": 0.77380873013604,
  "avg_length": 99.32,
  "model": "full",
  "model_size": "7B",
  "seed": 789
}