{
  "strategy_coverage": 0.6666666666666666,
  "n_strategies": 12,
  "avg_empathy": 0.168,
  "self_bleu": 0.4402581443504142,
  "vocab_diversity": 0.7432379312443763,
  "avg_length": 105.56,
  "model": "full",
  "model_size": "7B",
  "seed": 456
}