{
  "strategy_coverage": 0.6666666666666666,
  "n_strategies": 12,
  "avg_empathy": 0.264,
  "self_bleu": 0.4310856959196464,
  "vocab_diversity": 0.7349317501824066,
  "avg_length": 115.8,
  "model": "qd_57",
  "model_size": "7B",
  "seed": 2024
}