{
  "strategy_coverage": 0.7777777777777778,
  "n_strategies": 14,
  "avg_empathy": 0.128,
  "self_bleu": 0.39622668597987765,
  "vocab_diversity": 0.785779727018554,
  "avg_length": 91.84,
  "model": "full",
  "model_size": "7B",
  "seed": 2024
}