{
  "strategy_coverage": 0.7222222222222222,
  "n_strategies": 13,
  "avg_empathy": 0.29600000000000004,
  "self_bleu": 0.4099246830358181,
  "vocab_diversity": 0.7241878882804897,
  "avg_length": 120.6,
  "model": "qd_57",
  "model_size": "7B",
  "seed": 456
}