{
  "strategy_coverage": 0.7777777777777778,
  "n_strategies": 14,
  "avg_empathy": 0.30400000000000005,
  "self_bleu": 0.44725983285401083,
  "vocab_diversity": 0.7317914310221585,
  "avg_length": 117.96,
  "model": "qd_57",
  "model_size": "7B",
  "seed": 123
}