{
  "strategy_coverage": 0.7777777777777778,
  "n_strategies": 14,
  "avg_empathy": 0.272,
  "self_bleu": 0.42477480916223614,
  "vocab_diversity": 0.7368066192025984,
  "avg_length": 115.4,
  "model": "qd_57",
  "model_size": "7B",
  "seed": 789
}