{
  "strategy_coverage": 0.6666666666666666,
  "n_strategies": 12,
  "avg_empathy": 0.18400000000000002,
  "self_bleu": 0.3968161147120383,
  "vocab_diversity": 0.700370977466975,
  "avg_length": 123.28,
  "model": "random_57",
  "model_size": "7B",
  "seed": 2024
}