{
  "strategy_coverage": 0.7777777777777778,
  "n_strategies": 14,
  "avg_empathy": 0.24000000000000005,
  "self_bleu": 0.4744835963471947,
  "vocab_diversity": 0.6452950897977849,
  "avg_length": 182.12,
  "model": "greedy_57",
  "model_size": "7B",
  "seed": 123
}