{
  "strategy_coverage": 0.8888888888888888,
  "n_strategies": 16,
  "avg_empathy": 0.29600000000000004,
  "self_bleu": 0.4948603436632401,
  "vocab_diversity": 0.6556345382418364,
  "avg_length": 178.12,
  "model": "greedy_57",
  "model_size": "7B",
  "seed": 789
}