{
  "strategy_coverage": 0.6666666666666666,
  "n_strategies": 12,
  "avg_empathy": 0.22400000000000003,
  "self_bleu": 0.41359350956371027,
  "vocab_diversity": 0.7162301852212429,
  "avg_length": 120.36,
  "model": "random_57",
  "model_size": "7B",
  "seed": 456
}