{
  "strategy_coverage": 0.7777777777777778,
  "n_strategies": 14,
  "avg_empathy": 0.25600000000000006,
  "self_bleu": 0.4365130322648462,
  "vocab_diversity": 0.7211548560002322,
  "avg_length": 139.96,
  "model": "random_57",
  "model_size": "7B",
  "seed": 789
}