{
  "strategy_coverage": 0.8333333333333334,
  "n_strategies": 15,
  "avg_empathy": 0.24,
  "self_bleu": 0.42310434213663,
  "vocab_diversity": 0.6951889186774514,
  "avg_length": 134.24,
  "model": "random_57",
  "model_size": "7B",
  "seed": 123
}