{
  "strategy_coverage": 0.9444444444444444,
  "n_strategies": 17,
  "avg_empathy": 0.28,
  "self_bleu": 0.4938735336609409,
  "vocab_diversity": 0.6253472665072551,
  "avg_length": 297.16,
  "model": "full",
  "seed": 456
}