{
  "strategy_coverage": 0.9444444444444444,
  "n_strategies": 17,
  "avg_empathy": 0.32,
  "self_bleu": 0.5672967692398643,
  "vocab_diversity": 0.5636823277988262,
  "avg_length": 307.64,
  "model": "qd_57",
  "seed": 42
}