{
  "strategy_coverage": 0.8888888888888888,
  "n_strategies": 16,
  "avg_empathy": 0.32800000000000007,
  "self_bleu": 0.5639001198601167,
  "vocab_diversity": 0.5479215328510851,
  "avg_length": 340.2,
  "model": "random_57",
  "seed": 2024
}