{
  "strategy_coverage": 0.9444444444444444,
  "n_strategies": 17,
  "avg_empathy": 0.32,
  "self_bleu": 0.5186905993518541,
  "vocab_diversity": 0.6065186168728354,
  "avg_length": 301.36,
  "model": "full",
  "seed": 42
}