{
  "strategy_coverage": 0.9444444444444444,
  "n_strategies": 17,
  "avg_empathy": 0.368,
  "self_bleu": 0.5245254783658829,
  "vocab_diversity": 0.5985269392879328,
  "avg_length": 321.88,
  "model": "full",
  "seed": 123
}