{
  "strategy_coverage": 0.8888888888888888,
  "n_strategies": 16,
  "avg_empathy": 0.28,
  "self_bleu": 0.5369789493972275,
  "vocab_diversity": 0.5544502214979777,
  "avg_length": 329.08,
  "model": "greedy_57",
  "seed": 314
}