{
  "strategy_coverage": 0.9444444444444444,
  "n_strategies": 17,
  "avg_empathy": 0.35200000000000004,
  "self_bleu": 0.5231661015361011,
  "vocab_diversity": 0.591711341621194,
  "avg_length": 308.72,
  "model": "full",
  "seed": 2024
}