{
  "strategy_coverage": 0.9444444444444444,
  "n_strategies": 17,
  "avg_empathy": 0.20800000000000002,
  "self_bleu": 0.5327180605331349,
  "vocab_diversity": 0.5409781072852146,
  "avg_length": 342.72,
  "model": "qd_57",
  "seed": 159
}