{
  "strategy_coverage": 0.8888888888888888,
  "n_strategies": 16,
  "avg_empathy": 0.272,
  "self_bleu": 0.6007320230622544,
  "vocab_diversity": 0.5743339528283591,
  "avg_length": 326.8,
  "model": "greedy_57",
  "seed": 456
}