{
  "strategy_coverage": 0.8333333333333334,
  "n_strategies": 15,
  "avg_empathy": 0.368,
  "self_bleu": 0.5528107287862108,
  "vocab_diversity": 0.5463977548366529,
  "avg_length": 334.04,
  "model": "greedy_57",
  "seed": 789
}