{
  "strategy_coverage": 0.8888888888888888,
  "n_strategies": 16,
  "avg_empathy": 0.31200000000000006,
  "self_bleu": 0.555083764776853,
  "vocab_diversity": 0.5320850624024961,
  "avg_length": 359.6,
  "model": "random_57",
  "seed": 271
}