{
  "strategy_coverage": 0.8888888888888888,
  "n_strategies": 16,
  "avg_empathy": 0.30400000000000005,
  "self_bleu": 0.5618909657291946,
  "vocab_diversity": 0.5365382972914032,
  "avg_length": 340.8,
  "model": "greedy_57",
  "seed": 159
}