{
  "strategy_coverage": 0.8333333333333334,
  "n_strategies": 15,
  "avg_empathy": 0.272,
  "self_bleu": 0.5839129642683869,
  "vocab_diversity": 0.5453550021616348,
  "avg_length": 326.6,
  "model": "random_57",
  "seed": 159
}