{
  "strategy_coverage": 0.8888888888888888,
  "n_strategies": 16,
  "avg_empathy": 0.272,
  "self_bleu": 0.5349400533530648,
  "vocab_diversity": 0.5359962753066634,
  "avg_length": 353.56,
  "model": "greedy_57",
  "seed": 2024
}