{
  "strategy_coverage": 0.7777777777777778,
  "n_strategies": 14,
  "avg_empathy": 0.32799999999999996,
  "self_bleu": 0.533979361198007,
  "vocab_diversity": 0.5766444215942431,
  "avg_length": 271.96,
  "model": "qd_57",
  "seed": 271
}