{
  "strategy_coverage": 0.8888888888888888,
  "n_strategies": 16,
  "avg_empathy": 0.304,
  "self_bleu": 0.5522529232538885,
  "vocab_diversity": 0.5439992238319572,
  "avg_length": 332.8,
  "model": "random_57",
  "seed": 456
}