{
  "strategy_coverage": 0.8888888888888888,
  "n_strategies": 16,
  "avg_empathy": 0.296,
  "self_bleu": 0.5512825242046352,
  "vocab_diversity": 0.6071650143484382,
  "avg_length": 275.88,
  "model": "qd_57",
  "seed": 456
}