{
  "strategy_coverage": 0.8888888888888888,
  "n_strategies": 16,
  "avg_empathy": 0.24,
  "self_bleu": 0.5203953312848906,
  "vocab_diversity": 0.5349174549008104,
  "avg_length": 358.2,
  "model": "qd_57",
  "seed": 314
}