{
  "strategy_coverage": 0.9444444444444444,
  "n_strategies": 17,
  "avg_empathy": 0.28800000000000003,
  "self_bleu": 0.5285100751561957,
  "vocab_diversity": 0.5937222560755888,
  "avg_length": 313.76,
  "model": "full",
  "seed": 271
}