{
  "strategy_coverage": 0.8333333333333334,
  "n_strategies": 15,
  "avg_empathy": 0.28800000000000003,
  "self_bleu": 0.5292008174341502,
  "vocab_diversity": 0.5348150635595601,
  "avg_length": 340.88,
  "model": "greedy_57",
  "seed": 271
}