{
  "strategy_coverage": 0.9444444444444444,
  "n_strategies": 17,
  "avg_empathy": 0.264,
  "self_bleu": 0.5458420465487085,
  "vocab_diversity": 0.5269785661898847,
  "avg_length": 361.48,
  "model": "qd_57",
  "seed": 123
}