{
  "strategy_coverage": 0.8888888888888888,
  "n_strategies": 16,
  "avg_empathy": 0.29600000000000004,
  "self_bleu": 0.5628213848096194,
  "vocab_diversity": 0.5364453288680178,
  "avg_length": 361.84,
  "model": "random_57",
  "seed": 42
}