{
  "strategy_coverage": 0.8888888888888888,
  "n_strategies": 16,
  "avg_empathy": 0.32799999999999996,
  "self_bleu": 0.5707076348844233,
  "vocab_diversity": 0.5527237884049732,
  "avg_length": 326.24,
  "model": "greedy_57",
  "seed": 42
}